07:30 AM,08:45 AM,146,Rosemary Hardin - rosemary.hardin@sjsu.edu,BIOL65 Sec: 02 - Human Anatomy
07:30 AM,08:45 AM,115,Arlene Asuncion - arlene.asuncion@sjsu.edu,PSYC154 Sec: 02 - Social Psy
08:00 AM,08:50 AM,102,Li Jin - li.jin@sjsu.edu,KIN158 Sec: 01 - Biomechanics
08:30 AM,09:45 AM,64,Tzvia Abramson - tzvia.abramson@sjsu.edu,BIOL107 Sec: 01 - Immunology
08:30 AM,10:10 AM,59,Alice Butzlaff - alice.butzlaff@sjsu.edu,NURS125 Sec: 01 - Adult Care Mgmt II
08:00 AM,08:50 AM,58,Faramarz Mortezaie - faramarz.mortezaie@sjsu.edu,CMPE30 Sec: 01 - Programming Concept & Meth
07:30 AM,08:45 AM,58,Lisa Bernasconi - lisa.bernasconi@sjsu.edu,PHIL110 Sec: 02 - Sci Tech & Hum Val
07:30 AM,08:45 AM,55,Robert Cirivilleri - robert.cirivilleri@sjsu.edu,HIST15 Sec: 05 - Esntl US History
07:30 AM,08:45 AM,54,Helen Brubeck - helen.brubeck@sjsu.edu,BUS120 Sec: 03 - Financial Account
08:00 AM,08:50 AM,54,William Greenwood - william.greenwood@sjsu.edu,CE8 Sec: 01 - Plane Surveying
08:30 AM,09:20 AM,50,Alev Dietrich - alev.dietrich@sjsu.edu,KIN31 Sec: 02 - Body Sculpting
07:30 AM,08:45 AM,50,Heli Patel - heli.patel@sjsu.edu,BUS2195B Sec: 01 - Data Viz
07:30 AM,08:20 AM,50,Alev Dietrich - alev.dietrich@sjsu.edu,KIN31 Sec: 01 - Body Sculpting
07:30 AM,08:45 AM,46,Alvin Musgrave - william.musgrave@sjsu.edu,BUS3160 Sec: 08 - Fund Mgmt & Org Beh
07:30 AM,08:45 AM,45,Christopher Lim - christopher.lim@sjsu.edu,BUS5140 Sec: 08 - Fund of Oper Mgmt
07:30 AM,08:45 AM,45,Mark Greenough - mark.greenough@sjsu.edu,BUS1170 Sec: 07 - Fund of Finance
08:40 AM,10:20 AM,42,Nicole Okamoto - nicole.okamoto@sjsu.edu,ME113 Sec: 01 - Thermodynamics
07:30 AM,08:45 AM,42,Ninh Nguyen - ninh.nguyen@sjsu.edu,ECON139 Sec: 02 - Prin of Invest
07:30 AM,08:45 AM,42,Farzaneh Ghiasvand - farzaneh.ghiasvand@sjsu.edu,KIN165 Sec: 03 - Motor Development
08:00 AM,08:50 AM,41,Carl Bugarin - carl.bugarin@sjsu.edu,MATH31 Sec: 01 - Calculus II
